{"Positive": [0.26335, 0.2096, 0.08895], "Negative": [-0.34895, -0.5784, -0.125, -0.624, -0.064, -0.39225], "Neutral": [0.0]}