{"Positive": [0.11315, 0.08895], "Negative": [-0.1433, -0.148, -0.46530000000000005, -0.31845, -0.62215], "Neutral": [0.0, 0.0, 0.0]}