{"Positive": [0.05435000000000004, 0.148, 0.4019, 0.21075], "Negative": [-0.38585, -0.5511, -0.7193499999999999, -0.1591, -0.31235, -0.4635], "Neutral": []}