{"Positive": [0.5719, 0.4215, 0.2143], "Negative": [-0.012749999999999997, -0.7281, -0.56015, -0.85, -0.17754999999999999], "Neutral": [0.0, 0.0]}